city,lat,lon,temp_max,humidity,cloudiness,windspeed,country,date/time
vao,-22.6667,167.4833,74.43,72,92,26.46,NC,1619935944
cape town,-33.9258,18.4232,61,93,0,5.75,ZA,1619935944
nanortalik,60.1432,-45.2371,34.79,69,85,12.97,GL,1619935945
port blair,11.6667,92.75,86.58,66,14,10.56,IN,1619935945
ayan,56.45,138.1667,32.54,85,97,8.77,RU,1619935946
inuvik,68.3499,-133.7218,24.8,86,100,4.61,CA,1619935946
puerto ayora,-0.7393,-90.3518,73,95,46,5.19,EC,1619935947
ushuaia,-54.8,-68.3,35.6,80,40,6.91,AR,1619935947
deputatskiy,69.3,139.9,25.12,87,100,5.41,RU,1619935947
dunedin,-45.8742,170.5036,55.11,73,18,4.99,NZ,1619935947
kapaa,22.0752,-159.319,75.2,83,75,16.11,US,1619935948
castro,-24.7911,-50.0119,52.86,98,22,4.56,BR,1619935948
bluff,-46.6,168.3333,55.99,89,96,11.01,NZ,1619935948
khor,47.8861,134.9464,50.68,47,100,14.65,RU,1619935949
rikitea,-23.1203,-134.9692,77,76,89,14.7,PF,1619935949
raudeberg,61.9875,5.1352,41,76,17,13.96,NO,1619935949
albany,42.6001,-73.9662,46,69,100,3.47,US,1619935950
busselton,-33.65,115.3333,60.01,82,60,13.65,AU,1619935950
kahului,20.8947,-156.47,71.6,88,40,16.11,US,1619935950
kamina,-8.7386,24.9906,65.1,94,100,2.17,CD,1619935951
puerto escondido,15.85,-97.0667,80.71,81,53,9.64,MX,1619935951
port elizabeth,-33.918,25.5701,55.4,71,0,4.61,ZA,1619935951
manta,-0.95,-80.7333,77,78,90,2.3,EC,1619935952
cherskiy,68.75,161.3,23.7,82,19,3.89,RU,1619935952
nome,64.5011,-165.4064,26.6,68,1,16.11,US,1619935953
oum hadjer,13.2954,19.6966,89.42,12,70,8.32,TD,1619935953
hermanus,-34.4187,19.2345,57.99,72,70,8.01,ZA,1619935953
punta arenas,-53.15,-70.9167,39,93,75,11.5,CL,1619935954
bourail,-21.5667,165.4833,75.52,75,87,7.14,NC,1619935954
kavaratti,10.5669,72.642,84.85,70,87,3.69,IN,1619935954
necochea,-38.5473,-58.7368,54,85,98,1.99,AR,1619935955
bay roberts,47.5999,-53.2648,37.99,93,100,3,CA,1619935955
shemgang,27.2169,90.6579,64.47,66,36,4.72,BT,1619935955
troy,42.6056,-83.1499,64.99,55,1,11.5,US,1619935956
batemans bay,-35.7167,150.1833,73,75,100,11.36,AU,1619935956
los llanos de aridane,28.6585,-17.9182,64.4,68,75,9.22,ES,1619935956
rio gallegos,-51.6226,-69.2181,39.2,93,90,2.3,AR,1619935957
asyut,27.181,31.1837,75.2,29,0,10.36,EG,1619935957
roebourne,-20.7833,117.1333,89.91,37,13,13.38,AU,1619935957
bud,39.447,-86.1758,63,66,95,11.59,US,1619935958
avarua,-21.2078,-159.775,75.2,100,90,6.91,CK,1619935958
tasiilaq,65.6145,-37.6368,24.8,86,10,2.3,GL,1619935959
bambous virieux,-20.3428,57.7575,82,83,40,3.44,MU,1619935959
atuona,-9.8,-139.0333,79.65,70,8,8.93,PF,1619935959
nikolskoye,59.7035,30.7861,43,70,0,4.47,RU,1619935960
skjervoy,70.0311,20.9714,30.79,62,100,6.64,NO,1619935960
purificacion,3.8587,-74.9313,72.3,86,74,1.81,CO,1619935960
merrill,45.1805,-89.6835,73.4,35,1,8.05,US,1619935961
parana,-31.732,-60.5238,66,84,61,1.99,AR,1619935962
dingle,10.9995,122.6711,91.98,49,27,15.52,PH,1619935962
rio tuba,8.5061,117.4317,85.62,69,57,11.07,PH,1619935962
brighouse,53.7032,-1.7843,41,88,18,1.01,GB,1619935963
new norfolk,-42.7826,147.0587,69.01,57,100,1.01,AU,1619935963
yanji,42.9075,129.5078,63.54,34,69,13.6,CN,1619935963
mataura,-46.1927,168.8643,55.99,89,80,11.01,NZ,1619935964
saskylakh,71.9167,114.0833,33.58,100,100,3.76,RU,1619935964
vaini,-21.2,-175.2,75.2,83,75,11.5,TO,1619935964
chuy,-33.6971,-53.4616,59.14,85,0,5.1,UY,1619935965
inhambane,-23.865,35.3833,68,94,75,6.91,MZ,1619935965
khatanga,71.9667,102.5,32.11,99,57,5.28,RU,1619935966
ponta do sol,32.6667,-17.1,57,68,100,1.01,PT,1619935966
shu,43.5983,73.7614,67.69,29,47,12.33,KZ,1619935966
narsaq,60.9167,-46.05,42.8,24,21,47.18,GL,1619935966
butaritari,3.0707,172.7902,83.91,73,99,12.86,KI,1619935967
mount gambier,-37.8333,140.7667,64.4,72,75,11.5,AU,1619935967
hithadhoo,-0.6,73.0833,84.45,70,99,4.74,MV,1619935968
hobyo,5.3505,48.5268,86.63,64,26,11.21,SO,1619935968
alice town,25.7167,-79.3,79.5,73,82,8.34,BS,1619935969
pevek,69.7008,170.3133,15.06,90,89,6.89,RU,1619935969
ostrovnoy,68.0531,39.5131,31.6,92,100,24.16,RU,1619935969
banjarmasin,-3.3244,114.591,93.2,49,40,5.75,ID,1619935970
tuktoyaktuk,69.4541,-133.0374,15.8,100,90,2.3,CA,1619935970
hobart,-42.8794,147.3294,69.01,68,0,6.91,AU,1619935970
ibra,22.6906,58.5334,87.3,38,12,8.97,OM,1619935970
kodiak,57.79,-152.4072,41,81,90,6.91,US,1619935971
airai,-8.9266,125.4092,73.06,47,95,3.69,TL,1619935971
zabid,14.1951,43.3152,74.5,80,100,10.04,YE,1619935972
lorengau,-2.0226,147.2712,85.14,65,62,0.43,PG,1619935972
parkes,-33.1333,148.1833,73.99,46,90,1.01,AU,1619935972
bathsheba,13.2167,-59.5167,77,65,20,12.66,BB,1619935973
antsohihy,-14.8796,47.9875,82.13,75,3,1.68,MG,1619935973
bethel,41.3712,-73.414,57.2,28,90,8.05,US,1619935973
hilo,19.7297,-155.09,73.4,88,90,3.44,US,1619935974
palmer,42.1584,-72.3287,52,66,90,5.75,US,1619935974
east london,-33.0153,27.9116,57.2,77,0,8.05,ZA,1619935975
virginia beach,36.8529,-75.978,55.4,67,1,8.05,US,1619935975
iqaluit,63.7506,-68.5145,37.4,75,90,10.36,CA,1619935975
ulladulla,-35.35,150.4667,73.4,56,75,9.22,AU,1619935976
segezha,63.7415,34.3222,35.06,54,37,9.69,RU,1619935976
pangnirtung,66.1451,-65.7125,31.28,76,90,8.84,CA,1619935977
bowmore,34.9421,-79.3031,57.2,67,1,4.61,US,1619935977
nicoya,10.1483,-85.452,77.65,82,67,2.82,CR,1619935977
port lincoln,-34.7333,135.8667,62.85,66,99,12.91,AU,1619935978
traverse city,44.7631,-85.6206,46.4,76,1,5.1,US,1619935978
phonhong,18.5007,102.4166,87.8,70,40,6.91,LA,1619935978
asau,46.4333,26.4,69.01,37,99,3.65,RO,1619935979
roma,43.2128,-75.4557,46,81,90,5.75,US,1619935979
bima,-8.4667,118.7167,85.98,68,31,0.83,ID,1619935980
san bartolome de tirajana,27.9248,-15.5733,66.2,68,75,17.27,ES,1619935980
san cristobal,7.7669,-72.225,65.57,95,91,1.07,VE,1619935980
mar del plata,-38.0023,-57.5575,61,93,95,6.91,AR,1619935980
ndele,8.4109,20.6473,79.7,58,83,7.49,CF,1619935981
nadym,65.5333,72.5167,33.55,100,100,15.95,RU,1619935981
port alfred,-33.5906,26.891,62.29,60,0,5.44,ZA,1619935982
jijiga,9.35,42.8,67.71,77,23,8.1,ET,1619935982
kayerkan,69.3497,87.7602,27.68,93,100,1.23,RU,1619935982
qasigiannguit,68.8193,-51.1922,39.2,45,75,21.85,GL,1619935983
morro bay,35.3658,-120.8499,53.01,93,4,10.31,US,1619935983
val,47.3626,18.6793,66,83,63,18.05,HU,1619935983
mahebourg,-20.4081,57.7,80.6,83,40,3.44,MU,1619935984
iralaya,15,-83.2333,79.63,77,0,9.44,HN,1619935984
jamestown,42.097,-79.2353,55.4,44,20,18.41,US,1619935985
luderitz,-26.6481,15.1594,74.35,28,0,16.75,NA,1619935985
bolshoy lug,52.0779,104.0919,50,57,40,17.9,RU,1619935985
severnoye,56.3491,78.3619,54.1,33,40,15.08,RU,1619935986
naze,28.3667,129.4833,71.6,43,75,14.97,JP,1619935986
uyovu,-3.2833,31.5258,67.71,88,100,3.89,TZ,1619935987
alice springs,-23.7,133.8833,86,17,18,6.91,AU,1619935987
mamakan,57.8161,114.0028,49.37,53,87,1.63,RU,1619935987
meadow lake,34.8014,-106.5436,71.6,15,20,4.61,US,1619935987
saint-philippe,-21.3585,55.7679,84.2,58,0,4.61,RE,1619935988
torbay,47.6666,-52.7314,37.99,100,90,19.57,CA,1619935988
yellowknife,62.456,-114.3525,24.8,58,1,8.05,CA,1619935989
nanning,22.8167,108.3167,82.4,74,40,4.47,CN,1619935989
derzhavinsk,51.1,66.3167,63.37,30,96,14.45,KZ,1619935989
serebryansk,49.6925,83.2892,51.8,35,20,4.47,KZ,1619935990
carnarvon,-24.8667,113.6333,75.2,43,100,17.27,AU,1619935990
okato,-39.2,173.8833,51.01,82,0,8.01,NZ,1619935991
the valley,18.217,-63.0578,78.8,78,40,8.05,AI,1619935991
barrow,71.2906,-156.7887,17.6,79,90,10.36,US,1619935991
thompson,55.7435,-97.8558,23,86,90,3.44,CA,1619935992
hervey bay,-25.2986,152.8535,75.2,60,40,16.11,AU,1619935992
qaqortoq,60.7167,-46.0333,42.8,24,53,47.18,GL,1619935992
cidreira,-30.1811,-50.2056,64.72,83,0,8.81,BR,1619935993
carrizal,10.3499,-66.9863,73.4,78,40,4.61,VE,1619935993
xinzhi,36.4989,111.7047,64.31,25,100,12.57,CN,1619935993
dikson,73.5069,80.5464,27.82,86,98,4.9,RU,1619935994
cabo san lucas,22.8909,-109.9124,72,67,2,9.57,MX,1619935994
tamiahua,21.2667,-97.45,77.81,90,100,2.01,MX,1619935994
kavieng,-2.5744,150.7967,84.58,68,31,5.35,PG,1619935995
chokurdakh,70.6333,147.9167,24.94,86,6,5.12,RU,1619935995
portland,45.5234,-122.6762,54,66,75,6.91,US,1619935995
henties bay,-22.116,14.2845,64,66,65,1.01,NA,1619935996
chicama,-7.8447,-79.1469,68.38,79,9,4.5,PE,1619935996
port hawkesbury,45.6169,-61.3485,37.99,60,1,4.61,CA,1619935997
tinos,37.5375,25.1634,77,44,20,6.91,GR,1619935997
tura,25.5198,90.2201,92.79,33,10,6.24,IN,1619935997
rudnichnyy,59.617,52.4703,39.87,48,7,10.04,RU,1619935998
ilulissat,69.2167,-51.1,39.2,45,75,21.85,GL,1619935998
clyde river,70.4692,-68.5914,10.4,100,1,4.61,CA,1619935998
pacific grove,36.6177,-121.9166,54,88,21,12.03,US,1619935998
severo-kurilsk,50.6789,156.125,35.08,97,100,24.32,RU,1619935999
saint-francois,46.4154,3.9054,43,93,75,3.44,FR,1619935999
metu,8.3,35.5833,61.41,95,100,0.58,ET,1619935999
ahipara,-35.1667,173.1667,57.6,69,1,9.13,NZ,1619936000
banjar,-8.19,114.9675,86,74,20,17.27,ID,1619936000
melita,49.2681,-100.9967,54,48,68,5.99,CA,1619936001
shelburne,44.0787,-80.2041,51.8,62,1,5.75,CA,1619936001
lebu,-37.6167,-73.65,55.33,97,100,8.28,CL,1619936001
djibo,14.1022,-1.6306,83.01,23,4,7.27,BF,1619936002
junin,-34.5838,-60.9433,59,43,70,7.11,AR,1619936002
dzerzhinsk,56.2389,43.4631,50,40,20,6.71,RU,1619936002
bredasdorp,-34.5322,20.0403,42.8,93,4,4.61,ZA,1619936002
hirara,24.8,125.2833,80.6,69,75,12.66,JP,1619936003
pundaguitan,6.3711,126.1689,82.67,77,47,11.97,PH,1619936003
hambantota,6.1241,81.1185,89.6,74,40,3.44,LK,1619936004
zhicheng,30.2956,111.5047,73.13,62,100,10.33,CN,1619936004
zeya,53.75,127.2667,56.25,37,69,3.71,RU,1619936004
opuwo,-18.0607,13.84,67.32,63,41,5.68,NA,1619936005
maarianhamina,60.0973,19.9348,41,65,0,8.05,AX,1619936005
ribeira grande,38.5167,-28.7,62.6,100,75,12.66,PT,1619936005
astana,51.1801,71.446,60.8,18,0,11.18,KZ,1619936006
shetpe,44.1667,52.1167,73.33,16,81,8.59,KZ,1619936006
teknaf,20.8624,92.3058,88.74,58,0,10.31,BD,1619936007
wahiawa,21.5028,-158.0236,75,73,90,4.61,US,1619936007
mogadishu,2.0371,45.3438,86,66,40,8.05,SO,1619936007
bandundu,-3.3167,17.3667,72.18,92,100,3.02,CD,1619936007
calama,-22.4667,-68.9333,37.4,32,0,14.97,CL,1619936008
bagdarin,54.4333,113.6,49.75,33,99,8.21,RU,1619936009
prainha,-1.8,-53.48,71.58,98,100,1.01,BR,1619936009
fortuna,40.5982,-124.1573,52,93,90,9.22,US,1619936009
bubaque,11.2833,-15.8333,78.12,66,11,13.89,GW,1619936010
mananjary,-21.2167,48.3333,77.76,82,60,5.55,MG,1619936010
gobabis,-22.45,18.9667,56.5,37,0,10.04,NA,1619936010
taoudenni,22.6783,-3.9836,79.88,48,94,12.01,ML,1619936011
okhotsk,59.3833,143.3,37.94,71,20,5.12,RU,1619936011
coihaique,-45.5752,-72.0662,38.95,99,100,6.49,CL,1619936011
mareeba,-17,145.4333,81,65,38,5.01,AU,1619936012
barentu,15.1139,37.5928,80.71,40,90,15.88,ER,1619936012
lavrentiya,65.5833,-171,20.1,84,82,7.96,RU,1619936013
qaanaaq,77.484,-69.3632,25.86,55,67,8.5,GL,1619936013
sindor,62.8629,51.8905,34.3,50,57,13.58,RU,1619936013
nalut,30.3333,10.85,75.47,23,97,15.35,LY,1619936014
megion,61.0296,76.1136,46.4,42,0,13.42,RU,1619936014
treinta y tres,-33.2333,-54.3833,56.08,85,0,2.42,UY,1619936014
conceicao do araguaia,-8.2578,-49.2647,75.2,100,40,1.14,BR,1619936015
porto empedocle,37.2934,13.5264,64.99,73,76,5.95,IT,1619936015
esperance,-33.8667,121.9,69.8,37,75,6.91,AU,1619936015
beringovskiy,63.05,179.3167,20.14,90,99,10.22,RU,1619936016
smithers,54.7804,-127.1743,39.2,87,1,2.3,CA,1619936016
hami,42.8,93.45,69.57,13,97,12.24,CN,1619936017
pasni,25.2631,63.471,84.58,61,5,10.27,PK,1619936017
pachino,36.7186,15.0907,71.6,60,100,3.44,IT,1619936017
moron,-34.6534,-58.6198,66.99,82,28,5.08,AR,1619936017
kotelnich,58.3089,48.348,44.4,49,3,4.68,RU,1619936018
porto de moz,-1.7483,-52.2383,71.91,99,99,1.23,BR,1619936018
upernavik,72.7868,-56.1549,18.39,73,9,5.79,GL,1619936019
bhor,18.1667,73.85,93.65,29,53,4.56,IN,1619936019
arvika,59.6553,12.5852,41,75,9,0.83,SE,1619936019
salalah,17.0151,54.0924,87.8,70,40,8.05,OM,1619936020
jacareacanga,-6.2222,-57.7528,71.4,98,42,0.96,BR,1619936020
kruisfontein,-34.0033,24.7314,56.32,55,0,5.82,ZA,1619936021
bairnsdale,-37.8333,147.6167,77,42,70,11.01,AU,1619936021
padang,-0.9492,100.3543,86,74,40,5.75,ID,1619936021
nouadhibou,20.931,-17.0347,64.4,82,51,16.11,MR,1619936022
sao filipe,14.8961,-24.4956,71.02,73,7,12.73,CV,1619936022
viljoenskroon,-27.2084,26.9485,49.96,71,0,8.99,ZA,1619936022
tiksi,71.6872,128.8694,29.46,88,100,4.99,RU,1619936023
piacabucu,-10.4056,-36.4344,76.33,84,58,11.43,BR,1619936023
sur,22.5667,59.5289,93.6,34,22,11.74,OM,1619936023
matamoros,25.5333,-103.25,66.99,37,0,1.77,MX,1619936024
kieta,-6.2167,155.6333,82.87,78,100,1.95,PG,1619936024
anna,51.4842,40.4299,55.85,69,100,6.31,RU,1619936025
caravelas,-17.7125,-39.2481,70.25,87,97,4.05,BR,1619936025
yenagoa,4.9247,6.2642,78.08,93,88,2.13,NG,1619936025
elizabeth city,36.2946,-76.2511,59,67,1,11.5,US,1619936026
san luis rio colorado,32.4631,-114.7767,82.4,6,1,2.39,MX,1619936026
simao,22.7886,100.9748,84.87,37,16,4.85,CN,1619936026
tuatapere,-46.1333,167.6833,55.99,89,23,11.01,NZ,1619936027
vila,42.0304,-8.1588,37.99,92,0,1.99,PT,1619936027
geraldton,-28.7667,114.6,75.2,31,0,20.71,AU,1619936028
olga,43.7444,135.2892,54.63,48,62,3.56,RU,1619936028
aksu,41.1231,80.2644,77.99,14,100,15.95,CN,1619936028
laguna,38.421,-121.4238,60.01,72,1,4.61,US,1619936029
bandarbeyla,9.4942,50.8122,86.54,65,96,8.39,SO,1619936029
cabedelo,-6.9811,-34.8339,71.6,100,0,3.44,BR,1619936030
mlyniv,50.509,25.6168,57.2,94,0,8.95,UA,1619936030
magadan,59.5667,150.8,36.55,67,88,2.51,RU,1619936030
ngaoundere,7.3167,13.5833,68.65,77,100,3.15,CM,1619936031
klaksvik,62.2266,-6.589,35.6,80,40,2.3,FO,1619936031
primorsk,46.7348,36.3443,58.46,75,82,10.83,UA,1619936032
constitucion,-35.3333,-72.4167,54.7,96,100,3.51,CL,1619936032
tshikapa,-6.4167,20.8,72.09,89,100,3.02,CD,1619936032
mount pleasant,32.7941,-79.8626,68,94,50,8.63,US,1619936032
lagoa,39.05,-27.9833,60.33,94,100,11.7,PT,1619936033
srandakan,-7.9386,110.2506,86.58,65,31,10.22,ID,1619936033
kyshtovka,56.555,76.6271,57.47,34,56,18.23,RU,1619936034
shimoda,34.6667,138.95,64.4,55,20,24.16,JP,1619936034
avera,33.194,-82.5271,60.8,88,1,6.11,US,1619936034
shakawe,-18.3667,21.85,62.92,40,48,8.21,BW,1619936035
ormara,25.2088,64.6357,84.38,63,7,11.5,PK,1619936035
masingbi,8.7833,-11.95,74.68,95,48,0.63,SL,1619936036
caborca,30.5838,-111.101,72.3,20,96,6.87,MX,1619936036
colares,38.7992,-9.4469,54,87,20,11.41,PT,1619936037
chardara,41.2547,67.9692,74.46,49,0,1.63,KZ,1619936037
ixtapa,20.7,-105.2,65.52,57,0,2.93,MX,1619936037
khandbari,27.3747,87.2039,75.74,50,99,5.57,NP,1619936038
faanui,-16.4833,-151.75,80.82,68,31,4.83,PF,1619936038
yulara,-25.2406,130.9889,87.8,14,65,8.05,AU,1619936039
kirksville,40.1948,-92.5833,66.2,77,1,9.22,US,1619936039
bicas,-21.7253,-43.0594,66.99,81,100,0.78,BR,1619936039
lenggries,47.6833,11.5667,39,93,100,4,DE,1619936039
codrington,-38.2667,141.9667,69.13,51,53,8.97,AU,1619936040
terrace,54.5163,-128.6035,44.6,81,75,4.61,CA,1619936040
correntina,-13.3433,-44.6367,67.3,77,100,5.77,BR,1619936040
paraisopolis,-22.5542,-45.78,55,84,100,1.83,BR,1619936041
georgetown,5.4112,100.3354,91.4,79,20,9.22,MY,1619936041
leningradskiy,69.3833,178.4167,17.74,94,100,17.52,RU,1619936041
mountain home,43.133,-115.6912,50,81,1,11.5,US,1619936042
vila velha,-20.3297,-40.2925,73.99,100,75,5.75,BR,1619936042
riyadh,24.6877,46.7219,91.4,11,0,11.5,SA,1619936042
susangerd,31.5608,48.1831,91.4,29,36,4.61,IR,1619936042
merauke,-8.4667,140.3333,84.02,69,92,11.34,ID,1619936043
margate,51.3813,1.3862,45,75,12,4,GB,1619936043
iskateley,67.6803,53.1512,28.44,92,100,25.79,RU,1619936044
yanam,16.7333,82.2167,93.2,55,20,9.22,IN,1619936044
souillac,-20.5167,57.5167,80.6,83,40,3.44,MU,1619936044
turan,16.0678,108.2208,89.6,62,20,12.66,VN,1619936045
bonthe,7.5264,-12.505,79.65,84,62,5.46,SL,1619936045
hasaki,35.7333,140.8333,64,63,75,8.05,JP,1619936045
la palma,33.8464,-118.0467,61,82,90,8.05,US,1619936046
vega de alatorre,20.0333,-96.6333,78.04,86,92,14.74,MX,1619936046
tomatlan,19.9333,-105.25,65.61,68,0,2.57,MX,1619936046
hovd,48.0056,91.6419,39.27,40,69,25.17,MN,1619936047
kendal,54.3268,-2.7476,39,90,12,1.23,GB,1619936047
san jeronimo,-11.9472,-75.2829,42.98,86,19,1.34,PE,1619936047
brae,60.3964,-1.353,41,81,20,1.14,GB,1619936048
westport,41.1415,-73.3579,54,76,90,3.44,US,1619936048
burgos,42.3394,-3.7079,37.4,93,75,9.22,ES,1619936048
maldonado,-34.6667,-54.9167,63,94,0,3.44,UY,1619936049
yar-sale,66.8333,70.8333,32.63,99,100,15.93,RU,1619936049
antofagasta,-23.65,-70.4,57.2,94,40,2.3,CL,1619936049
nacala,-14.5428,40.6728,76.8,92,50,8.21,MZ,1619936050
saint george,37.1041,-113.5841,73.99,13,1,10.36,US,1619936050
salinopolis,-0.6136,-47.3561,74.26,94,94,7.54,BR,1619936050
santa cruz,-17.8,-63.1667,64.4,94,8,3.44,BO,1619936051
athabasca,54.7169,-113.2854,41,87,60,2.3,CA,1619936051
canico,32.6333,-16.85,60.8,67,40,4.61,PT,1619936051
serov,59.6033,60.5787,48.15,48,93,10.27,RU,1619936052
bowen,-20.0167,148.2333,78.8,65,37,14.97,AU,1619936052
impfondo,1.6381,18.0667,74.8,83,87,3,CG,1619936053
aykino,62.2248,49.9922,36.86,43,25,13.53,RU,1619936053
kailua,21.4022,-157.7394,77,78,90,14.97,US,1619936053
belmonte,-15.8631,-38.8828,68,88,40,9.22,BR,1619936054
praia,14.9215,-23.5087,69.8,73,20,16.11,CV,1619936054
arman,59.7,150.1667,37.49,80,97,3.58,RU,1619936055
lagunillas,10.1301,-71.2595,77.45,86,100,3.91,VE,1619936055
hecun,36.5333,114.1111,69.75,14,100,11.88,CN,1619936056
adrar,20.5022,-10.0711,75.49,31,19,8.68,MR,1619936056
sistranda,63.7256,8.834,35.6,87,40,1.14,NO,1619936057
ordu,40.9086,37.6845,57.2,100,0,5.75,TR,1619936057
la ronge,55.1001,-105.2842,37.4,87,89,3.44,CA,1619936057
marsala,37.7966,12.4352,60.8,94,40,4.61,IT,1619936058
boguchany,58.3814,97.4531,45.99,64,68,12.88,RU,1619936058
wagga wagga,-35.1167,147.3667,73.4,43,40,3.44,AU,1619936058
morehead,37.2711,-87.1764,60.01,88,1,7,US,1619936059
honningsvag,70.9821,25.9704,32.97,61,100,14.83,NO,1619936059
newton stewart,54.9578,-4.4832,37.4,93,20,5.75,GB,1619936060
prado,-17.3411,-39.2208,67.91,91,89,4.59,BR,1619936060
farafangana,-22.8167,47.8333,75.38,85,57,2.21,MG,1619936060
trinidad,-14.8333,-64.9,68.58,93,37,2.8,BO,1619936061
irbit,57.6705,63.071,52.43,76,100,14.58,RU,1619936061
saint-augustin,51.226,-58.6502,35.06,95,100,10.49,CA,1619936061
vardo,70.3705,31.1107,32.72,60,99,13.42,NO,1619936062
kokopo,-4.352,152.2633,82.08,79,53,2.08,PG,1619936062
longyearbyen,78.2186,15.6401,19.4,68,20,13.8,SJ,1619936062
pisco,-13.7,-76.2167,64.4,82,11,2.3,PE,1619936063
dicabisagan,17.0818,122.4157,86.2,60,10,8.03,PH,1619936063
san patricio,28.017,-97.5169,66.99,100,75,3.44,US,1619936064
burnie,-41.0667,145.9167,61,87,99,3,AU,1619936064
palu,-0.8917,119.8707,85.53,78,86,3.22,ID,1619936064
yurino,56.2942,46.3039,48.2,46,0,6.71,RU,1619936065
santa maria,-29.6842,-53.8069,58.6,76,10,3.58,BR,1619936065
kloulklubed,7.0419,134.2556,77,94,90,5.75,PW,1619936065
tuy hoa,13.0833,109.3,88.83,58,82,10.29,VN,1619936066
alofi,-19.0595,-169.9187,75.2,100,37,14.97,NU,1619936066
walvis bay,-22.9575,14.5053,64,51,32,6.91,NA,1619936066
gogrial,8.5332,28.1004,83.89,52,100,3.27,SS,1619936067
palivere,58.9664,23.8911,43,65,0,9.22,EE,1619936067
wajir,1.7471,40.0573,80.6,74,75,9.22,KE,1619936068
soma,39.1855,27.6094,69.8,82,0,4.16,TR,1619936068
kerema,-7.9631,145.7785,82.85,73,70,9.22,PG,1619936069
sola,-13.8833,167.55,78.8,94,90,4.36,VU,1619936069
don sak,9.3168,99.6918,91.99,66,40,5.75,TH,1619936069
vostok,46.4856,135.8833,42.85,57,100,13.76,RU,1619936070
ixtlahuacan del rio,20.8667,-103.25,64.99,36,1,3.49,MX,1619936070
meulaboh,4.1363,96.1285,86.45,65,95,5.82,ID,1619936071
kavos,38.8268,22.8322,62.6,100,0,1.9,GR,1619936071
valdez,1.2492,-78.9831,73.89,93,100,6.31,EC,1619936071
almaznyy,48.0448,40.045,57.2,94,40,2.24,RU,1619936072
mehamn,71.0357,27.8492,31.87,65,100,10.87,NO,1619936072
gornopravdinsk,60.05,69.9,48.58,81,100,11.21,RU,1619936072
norman wells,65.282,-126.8329,30.2,69,40,2.17,CA,1619936073
port hardy,50.6996,-127.4199,46.4,87,20,5.75,CA,1619936073
todos santos,23.45,-110.2167,66.99,79,4,4,MX,1619936074
lazaro cardenas,17.9583,-102.2,76.91,71,88,5.7,MX,1619936074
manyana,-23.4,21.7167,53.55,36,0,7.47,BW,1619936074
gazanjyk,39.2446,55.5154,75.29,27,90,12.62,TM,1619936075
kochubey,44.3861,46.5825,68.05,56,64,1.66,RU,1619936075
tetouan,35.5711,-5.3724,51.8,82,0,6.91,MA,1619936075
half moon bay,37.4636,-122.4286,53.6,87,40,24.16,US,1619936076
nemuro,43.3236,145.575,41,65,75,6.91,JP,1619936076
oga,46.4631,10.347,53.01,100,75,5.75,IT,1619936077
asfi,32.2994,-9.2372,57.18,73,2,14.16,MA,1619936077
point pedro,9.8167,80.2333,87.12,64,70,6.22,LK,1619936077
nguru,12.8791,10.4526,81.97,7,76,7.87,NG,1619936078
victoria,22.2855,114.1577,84,75,96,8.25,HK,1619936078
saryg-sep,51.5,95.6,45.75,53,100,10.8,RU,1619936078
milkovo,54.7167,158.6167,40.3,82,100,2.68,RU,1619936079
saldanha,-33.0117,17.9442,55.4,62,0,6.96,ZA,1619936079
mendi,-6.1761,143.6513,62.42,92,82,2.77,PG,1619936079
luganville,-15.5333,167.1667,78.94,80,64,8.9,VU,1619936080
yerofey pavlovich,53.9667,121.9667,56.66,37,98,5.28,RU,1619936080
guerrero negro,27.9769,-114.0611,59.68,89,74,13.29,MX,1619936080
yeppoon,-23.1333,150.7333,77,57,90,13.8,AU,1619936081
multan,30.1956,71.4753,98.6,25,20,4.61,PK,1619936081
hualmay,-11.0964,-77.6139,66.72,88,37,7.96,PE,1619936082
kindia,10.0569,-12.8658,70.61,90,89,3.09,GN,1619936082
cayenne,4.9333,-52.3333,75.2,94,77,3.44,GF,1619936082
ust-maya,60.4167,134.5333,49.06,57,75,8.1,RU,1619936083
muros,42.7762,-9.0603,37,94,4,5.57,ES,1619936083
puerto montt,-41.4698,-72.9447,48.2,100,75,3.44,CL,1619936084
arlit,18.7369,7.3853,83.17,5,0,8.52,NE,1619936084
neiafu,-18.65,-173.9833,78.8,83,75,6.91,TO,1619936084
barkhan,29.8977,69.5256,86.38,22,68,10.83,PK,1619936085
vikramasingapuram,8.714,77.3893,91.4,66,20,5.75,IN,1619936085
mackay,-21.15,149.2,77,69,75,17.27,AU,1619936085
auki,-8.7676,160.7034,80.73,81,83,0.63,SB,1619936086
puerto vallarta,20.6204,-105.2307,66.43,54,0,3.09,MX,1619936086
tanabe,33.7333,135.3667,59,55,75,16.11,JP,1619936086
praia da vitoria,38.7333,-27.0667,62.6,94,75,7.58,PT,1619936087
menongue,-14.6585,17.691,63.01,89,100,3.62,AO,1619936087
lungi,9.2212,-12.6831,76.01,87,69,4.85,SL,1619936088
namibe,-15.1961,12.1522,76.78,78,37,1.48,AO,1619936088
san jose,37.3394,-121.895,55.4,67,20,5.75,US,1619936088
halifax,44.6453,-63.5724,39.99,75,44,3.44,CA,1619936088
vanimo,-2.6741,141.3028,84.2,72,65,3.94,PG,1619936089
arraial do cabo,-22.9661,-42.0278,72.45,69,100,8.23,BR,1619936089
buraydah,26.326,43.975,84.2,30,0,6.91,SA,1619936090
kinsale,51.7075,-8.5306,41,75,20,5.75,IE,1619936090
vanavara,60.34,102.2797,40.57,72,82,6.82,RU,1619936090
spornoye,50.8448,37.2913,64.4,42,0,11.18,RU,1619936091
north platte,41.1239,-100.7654,69.01,40,1,9.22,US,1619936091
xuddur,4.1213,43.8894,82.2,61,47,7.56,SO,1619936091
chirongui,-12.9319,45.1483,86,74,20,6.91,YT,1619936092
bhikangaon,21.8667,75.95,97.38,21,43,4.52,IN,1619936092
kununurra,-15.7667,128.7333,93.2,29,0,10.36,AU,1619936093
te anau,-45.4167,167.7167,50.11,86,0,0.36,NZ,1619936093
de-kastri,51.4667,140.7833,37.76,85,100,13.91,RU,1619936093
lianzhou,24.7811,112.3825,89.24,54,100,4.16,CN,1619936094
chernyshevskiy,63.0128,112.4714,36.86,81,100,7.02,RU,1619936094
tsiroanomandidy,-18.7667,46.0333,73.56,73,31,1.63,MG,1619936094
suntar,62.1444,117.6319,36.77,99,100,4.45,RU,1619936095
college,64.8569,-147.8028,42.8,42,75,6.91,US,1619936095
nantucket,41.2835,-70.0995,48.2,87,75,9.22,US,1619936095
chapais,49.7834,-74.8492,33.8,93,90,13.8,CA,1619936096
coquimbo,-29.9533,-71.3436,53.6,87,20,6.91,CL,1619936096
pochutla,15.7432,-96.4661,80.01,79,98,7,MX,1619936096
behbahan,30.5959,50.2417,86,39,20,13.8,IR,1619936097
gualaquiza,-3.4,-78.55,60.53,99,93,1.48,EC,1619936097
providencia,28.7167,-111.5833,75.2,31,40,4.61,MX,1619936097
umm lajj,25.0213,37.2685,94.46,17,0,22.68,SA,1619936098
olafsvik,64.8945,-23.7142,34.65,70,64,18.84,IS,1619936098
roald,62.5833,6.1333,41,70,20,11.5,NO,1619936098
balezino,57.9796,53.0106,46.26,56,2,10.22,RU,1619936099
muddebihal,16.3333,76.1333,94.93,25,4,8.23,IN,1619936099
igarka,67.4667,86.5833,32.58,99,61,4.38,RU,1619936100
kabanjahe,3.1001,98.4908,89.6,66,75,11.5,ID,1619936100
abadszalok,47.4667,20.6,66.2,72,0,9.22,HU,1619936100
birzai,56.2,24.75,42.12,61,100,6.42,LT,1619936101
calumet city,41.6156,-87.5295,68,63,1,11.5,US,1619936101
dasoguz,41.8363,59.9666,73.4,20,0,11.5,TM,1619936102
alibag,18.6411,72.8792,91.4,66,40,6.91,IN,1619936102
mulege,26.8833,-111.9833,75.45,35,78,4.74,MX,1619936102
katsuura,35.1333,140.3,71.6,40,75,20.71,JP,1619936103
marsh harbour,26.5412,-77.0636,77.11,80,75,9.55,BS,1619936103
soyaux,45.65,0.2,39.99,100,2,3.27,FR,1619936103
butembo,0.15,29.2833,62.76,86,100,0.49,CD,1619936104
bengkulu,-3.8004,102.2655,83.82,73,70,6.69,ID,1619936104
makubetsu,45.3714,141.8211,39.2,81,75,11.5,JP,1619936104
puri,19.8,85.85,95,52,20,11.5,IN,1619936105
hanzhong,33.0728,107.0303,69.96,84,100,6.44,CN,1619936105
labuan,5.2767,115.2417,89.6,66,20,6.91,MY,1619936105
beaverlodge,55.2166,-119.4361,37.4,100,40,10.36,CA,1619936106
cocal,-28.6167,-49.35,57.94,87,9,3.6,BR,1619936106
aasiaat,68.7098,-52.8699,25.2,91,10,4.85,GL,1619936107
floro,61.5996,5.0328,42.8,75,90,3.44,NO,1619936107
belize,17.25,-88.75,81,78,0,6.91,BZ,1619936107
aden,12.7794,45.0367,84.43,68,99,5.68,YE,1619936107
guarapari,-20.6667,-40.4975,73.99,100,75,5.75,BR,1619936108
cockburn town,21.4612,-71.1419,78.84,72,35,15.21,TC,1619936108
provideniya,64.3833,-173.3,25.59,60,99,6.35,RU,1619936109
maragogi,-9.0122,-35.2225,74.14,87,46,1.81,BR,1619936109
mezen,65.8522,44.24,29.28,88,100,20.31,RU,1619936109
tocopilla,-22.092,-70.1979,65.64,67,42,3.76,CL,1619936110
batagay,67.6333,134.6333,35.37,85,100,4.79,RU,1619936110
katobu,-4.9408,122.5276,89.64,51,55,6.31,ID,1619936110
launceston,-41.45,147.1667,66.99,59,85,9.22,AU,1619936111
beroroha,-21.6667,45.1667,77.27,65,99,1.12,MG,1619936111
rumphi,-11.0186,33.8575,70.63,78,29,3.91,MW,1619936111
kaka,37.3482,59.6143,78.93,30,100,6.38,TM,1619936112
uthal,25.8072,66.6219,93.79,26,29,8.97,PK,1619936112
yamada,39.4667,141.95,45.84,91,98,7.78,JP,1619936112
grafton,42.207,-71.6856,50,34,90,12.66,US,1619936113
price,39.5994,-110.8107,62.6,29,1,10.36,US,1619936113
ngunguru,-35.6167,174.5,57,82,0,0.47,NZ,1619936113
nuuk,64.1835,-51.7216,35.6,80,20,12.66,GL,1619936114
vestmanna,62.1564,-7.1664,35.6,80,40,2.3,FO,1619936114
richards bay,-28.783,32.0377,63.79,83,15,5.91,ZA,1619936114
minab,27.1467,57.0801,91.4,40,40,6.91,IR,1619936115
acapulco,16.8634,-99.8901,79.02,78,100,7.07,MX,1619936115
altay,47.8667,88.1167,46.99,28,20,10.13,CN,1619936115
martapura,-3.4167,114.85,93.2,52,40,11.5,ID,1619936116
chik,54.9928,82.4311,50,46,75,8.95,RU,1619936116
ostrov,57.3439,28.3537,42.8,61,0,6.71,RU,1619936116
matay,28.419,30.7792,85.33,18,2,12.77,EG,1619936117
road town,18.4167,-64.6167,78.01,85,7,4,VG,1619936117
manbij,36.5281,37.9549,75.2,29,0,20.89,SY,1619936118
samoylovka,51.184,43.7081,57.97,65,100,2.1,RU,1619936118
lahat,-3.8,103.5333,87.21,69,87,4.32,ID,1619936119
muzhi,65.3667,64.6667,35.13,97,97,6.69,RU,1619936119
katete,-0.7818,29.7544,69.8,62,100,0.92,UG,1619936120
manacapuru,-3.2997,-60.6206,75.2,100,75,4.61,BR,1619936120
sept-iles,50.2001,-66.3821,35.6,48,59,11.5,CA,1619936120
ust-kuyga,70.0167,135.6,33.04,98,19,3.33,RU,1619936121
carauari,-4.8828,-66.8958,70.47,99,80,2.35,BR,1619936121
abong mbang,3.9833,13.1833,68.38,97,93,1.48,CM,1619936121
colquechaca,-18.6667,-66.0167,28.13,25,7,3.44,BO,1619936122
jalu,29.0331,21.5482,89.83,12,0,10.76,LY,1619936122
semirom,31.4167,51.5667,59.23,30,0,6.93,IR,1619936122
ambilobe,-13.2,49.05,81.66,72,9,2.93,MG,1619936123
zhigansk,66.7697,123.3711,33.62,99,100,3.69,RU,1619936123
vyazemskiy,47.5378,134.7525,50.29,46,100,11.5,RU,1619936123
helsinki,60.1695,24.9355,42.01,52,0,6.91,FI,1619936124
prince rupert,54.3161,-130.3201,44.6,87,90,2.48,CA,1619936124
karratha,-20.7377,116.8463,88.97,38,11,13.38,AU,1619936124
savonlinna,61.8699,28.88,37.4,35,0,4.61,FI,1619936125
aksarka,66.5606,67.7975,33.42,100,100,5.21,RU,1619936125
kodinsk,58.6881,99.1844,39.13,94,70,6.91,RU,1619936125
bahia honda,22.9036,-83.1592,74.75,85,8,6.8,CU,1619936126
hamilton,39.1834,-84.5333,62.6,51,1,11.5,US,1619936126
jiwani,25.05,61.7417,84.69,59,11,8.41,PK,1619936126
kaitangata,-46.2817,169.8464,59,60,47,5.55,NZ,1619936127
havoysund,70.9963,24.6622,28.4,93,90,4.61,NO,1619936127
poum,-20.2333,164.0167,78.24,71,62,7.34,NC,1619936128
svencioneliai,55.1667,26,46.99,54,99,8.66,LT,1619936128
umm kaddadah,13.6017,26.6876,87.01,16,65,11.18,SD,1619936128
grand gaube,-20.0064,57.6608,82,78,13,5.99,MU,1619936129
krasnoselkup,65.7,82.4667,31.95,95,55,6.44,RU,1619936129
manzanillo,20.3433,-77.1167,72.99,80,42,2.64,CU,1619936130
salmas,38.1973,44.7653,55.4,76,75,9.22,IR,1619936130
wageningen,51.9667,5.6667,45,87,15,3.44,NL,1619936130
wattegama,6.7989,81.4808,89.6,74,40,3.44,LK,1619936131
pangody,65.85,74.4859,32.63,100,100,20.09,RU,1619936131
buala,-8.145,159.5921,82.4,76,75,1.32,SB,1619936131
lasa,46.6166,10.7002,52,87,40,6.91,IT,1619936132
robertsport,6.7533,-11.3686,81.43,80,19,7.2,LR,1619936132
mayor pablo lagerenza,-19.9309,-60.7718,69.37,69,0,5.23,PY,1619936133
kroya,-7.6331,109.2461,86.85,66,49,8.37,ID,1619936133
tual,-5.6667,132.75,83.8,71,97,12.08,ID,1619936133
gisborne,-38.6533,178.0042,50,81,1,6.38,NZ,1619936134
jiuquan,39.7432,98.5174,68.99,17,6,6.44,CN,1619936134
jackson,42.4165,-122.8345,57.2,51,90,5.75,US,1619936135
muravlenko,63.7898,74.523,32.97,99,100,18.05,RU,1619936135
najran,17.4924,44.1277,82.4,17,75,6.91,SA,1619936135
mayo,38.8876,-76.5119,59,36,75,3.44,US,1619936136
xinqing,48.2333,129.5,61.02,23,92,10.33,CN,1619936136
hofn,64.2539,-15.2082,34.32,64,100,10.71,IS,1619936136
tonantins,-2.8731,-67.8022,70.25,98,59,1.54,BR,1619936137
karangampel,-6.4622,108.4519,86.47,66,59,10.58,ID,1619936137
ola,59.5833,151.2833,37.62,60,62,3.22,RU,1619936137
ampanihy,-24.7,44.75,75.27,64,68,7.49,MG,1619936138
malakal,9.5334,31.6605,84.07,51,100,3.91,SS,1619936138
haines junction,60.7522,-137.5108,32,69,81,1.14,CA,1619936139
biak,-0.9131,122.8766,82.04,70,100,3.62,ID,1619936139
homer,59.6425,-151.5483,46,45,1,3.44,US,1619936139
mariental,-24.6333,17.9667,57.94,37,0,9.66,NA,1619936140
nanakuli,21.3906,-158.1547,77,73,90,4.61,US,1619936140
otradnoye,59.7775,30.8181,43,61,0,2.24,RU,1619936140
verkhozim,52.7122,45.418,52.05,73,97,3.49,RU,1619936141
tazovskiy,67.4667,78.7,31.08,95,100,13.18,RU,1619936141
barranca,-10.75,-77.7667,66.34,87,68,6.38,PE,1619936142
dali,25.7,100.1833,74.05,37,33,9.78,CN,1619936142
kuznechnoye,61.12,29.8686,42.01,43,19,2.82,RU,1619936142
sitka,57.0531,-135.33,42.8,81,75,8.05,US,1619936143
valparaiso,-33.0393,-71.6273,55,81,100,4.25,CL,1619936143
sotnikovo,51.8845,107.4791,41,87,90,6.71,RU,1619936144
asha,54.9973,57.2722,50.47,92,100,11.27,RU,1619936144
bonavista,48.6499,-53.1147,37.99,93,100,5.75,CA,1619936144
liepaja,56.5419,21.0367,41,70,86,11.5,LV,1619936145
olinda,-8.0089,-34.8553,71.6,88,40,2.3,BR,1619936145
makakilo city,21.3469,-158.0858,77,73,90,4.61,US,1619936145
likasi,-10.9814,26.7333,62.49,98,100,3.24,CD,1619936146
preobrazheniye,42.9019,133.9064,55.94,47,44,7.99,RU,1619936146
pucallpa,-8.3791,-74.5539,71.85,79,18,1.72,PE,1619936147
escanaba,45.7453,-87.0646,42.8,87,1,3.44,US,1619936147
akyab,20.15,92.9,87.6,59,0,11.95,MM,1619936147
vangaindrano,-23.35,47.6,74.19,86,60,3.96,MG,1619936148
larsnes,62.2028,5.5773,41,70,20,11.5,NO,1619936148
igrim,63.1906,64.4162,47.16,46,21,10.98,RU,1619936149
buchanan,5.8808,-10.0467,77,94,40,6.08,LR,1619936149
hay river,60.8156,-115.7999,23,80,100,2.3,CA,1619936149
gat,31.61,34.7642,80.01,35,5,3,IL,1619936150
hueyotlipan,18.9,-97.85,66.88,56,94,7.67,MX,1619936150
gladstone,-23.85,151.25,75.2,64,90,11.5,AU,1619936150
vila do maio,15.1333,-23.2167,69.8,73,20,16.11,CV,1619936151
alamos,27.0167,-108.9333,75,57,51,3.06,MX,1619936151
novobelokatay,55.7062,58.9549,51.57,82,100,17.58,RU,1619936151
san policarpo,12.1791,125.5072,83.26,79,73,10.04,PH,1619936152
husavik,66.0449,-17.3389,32,69,90,1.14,IS,1619936152
tessalit,20.1986,1.0114,81.36,29,0,10.09,ML,1619936153
udachnyy,66.4167,112.4,34.02,100,100,7.16,RU,1619936153
